HallwayType,TimeToSubway,SubwayStation,N_FacilitiesNearBy(ETC),N_FacilitiesNearBy(PublicOffice),N_SchoolNearBy(University),N_Parkinglot(Basement),YearBuilt,N_FacilitiesInApt,Size(sqf),SalePrice,Size(sqf)_bins,N_FacilitiesInApt_bins,N_FacilitiesNearBy(PublicOffice)_bins,N_SchoolNearBy(University)_bins
mixed,15min~20min,Chil-sung-market,1.0,7.0,3.0,56.0,1997,5,914,205752,501-1000,5,7,3
terraced,10min~15min,Kyungbuk_uni_hospital,1.0,5.0,1.0,0.0,1986,4,1131,151327,1001-1500,4,5,1
terraced,0-5min,Sin-nam,0.0,1.0,2.0,536.0,2006,5,818,192035,501-1000,5,1,2
mixed,15min~20min,Myung-duk,5.0,6.0,5.0,536.0,1993,4,2337,353982,2001-2500,4,6,5
terraced,no_bus_stop_nearby,no_subway_nearby,2.0,2.0,1.0,203.0,2009,5,1160,209734,1001-1500,5,2,1
terraced,0-5min,Kyungbuk_uni_hospital,0.0,5.0,3.0,930.0,2013,7,910,309734,501-1000,7,5,3
terraced,0-5min,Kyungbuk_uni_hospital,0.0,3.0,2.0,1270.0,2007,10,1643,416814,1501-2000,10,3,2
mixed,15min~20min,Myung-duk,1.0,5.0,4.0,79.0,1992,3,644,86725,501-1000,3,5,4
terraced,0-5min,Banwoldang,0.0,2.0,2.0,524.0,2007,4,1103,197345,1001-1500,4,2,2
mixed,15min~20min,Myung-duk,5.0,6.0,5.0,536.0,1993,4,644,168141,501-1000,4,6,5
terraced,0-5min,Sin-nam,0.0,1.0,2.0,536.0,2006,5,1412,288495,1001-1500,5,1,2
mixed,5min~10min,Bangoge,5.0,5.0,4.0,798.0,2005,7,572,211504,501-1000,7,5,4
mixed,15min~20min,Chil-sung-market,1.0,7.0,3.0,56.0,1997,5,430,88495,0-500,5,7,3
terraced,10min~15min,Kyungbuk_uni_hospital,1.0,5.0,1.0,0.0,1986,4,914,232743,501-1000,4,5,1
corridor,0-5min,Kyungbuk_uni_hospital,0.0,3.0,2.0,0.0,1978,3,903,128318,501-1000,3,3,2
terraced,0-5min,Banwoldang,0.0,2.0,2.0,524.0,2007,4,1366,353982,1001-1500,4,2,2
mixed,5min~10min,Bangoge,5.0,5.0,4.0,798.0,2005,7,572,75088,501-1000,7,5,4
terraced,0-5min,Sin-nam,0.0,1.0,2.0,536.0,2006,5,1412,406194,1001-1500,5,1,2
terraced,0-5min,Kyungbuk_uni_hospital,0.0,3.0,2.0,1270.0,2007,10,868,307522,501-1000,10,3,2
terraced,5min~10min,Daegu,0.0,3.0,2.0,400.0,2015,7,914,345132,501-1000,7,3,2
corridor,5min~10min,Daegu,2.0,5.0,0.0,76.0,1985,3,676,110619,501-1000,3,5,0
corridor,5min~10min,Daegu,2.0,5.0,0.0,76.0,1985,3,587,109734,501-1000,3,5,0
terraced,0-5min,Kyungbuk_uni_hospital,0.0,3.0,2.0,1270.0,2007,10,1519,345132,1501-2000,10,3,2
mixed,5min~10min,Bangoge,5.0,5.0,4.0,798.0,2005,7,743,181415,501-1000,7,5,4
mixed,15min~20min,Myung-duk,5.0,6.0,5.0,536.0,1993,4,644,96902,501-1000,4,6,5
terraced,0-5min,Sin-nam,0.0,1.0,2.0,536.0,2006,5,1743,380530,1501-2000,5,1,2
terraced,no_bus_stop_nearby,no_subway_nearby,2.0,2.0,1.0,203.0,2009,5,910,161061,501-1000,5,2,1
terraced,10min~15min,Kyungbuk_uni_hospital,1.0,5.0,1.0,0.0,1986,4,1131,245132,1001-1500,4,5,1
mixed,15min~20min,Myung-duk,5.0,6.0,5.0,536.0,1993,4,1451,243362,1001-1500,4,6,5
terraced,0-5min,Banwoldang,0.0,0.0,0.0,203.0,2014,10,914,367256,501-1000,10,0,0
corridor,10min~15min,Myung-duk,5.0,7.0,5.0,0.0,1992,3,640,132743,501-1000,3,7,5
mixed,15min~20min,Chil-sung-market,1.0,7.0,3.0,56.0,1997,5,644,82300,501-1000,5,7,3
mixed,15min~20min,Myung-duk,1.0,5.0,4.0,79.0,1992,3,914,108849,501-1000,3,5,4
terraced,0-5min,Sin-nam,0.0,1.0,2.0,536.0,2006,5,818,194690,501-1000,5,1,2
mixed,5min~10min,Bangoge,5.0,5.0,4.0,798.0,2005,7,1184,210619,1001-1500,7,5,4
mixed,5min~10min,Bangoge,5.0,5.0,4.0,798.0,2005,7,743,200000,501-1000,7,5,4
terraced,0-5min,Sin-nam,0.0,1.0,2.0,536.0,2006,5,914,247787,501-1000,5,1,2
corridor,10min~15min,Myung-duk,5.0,7.0,5.0,0.0,1992,3,576,114159,501-1000,3,7,5
terraced,0-5min,Sin-nam,0.0,3.0,2.0,475.0,2008,8,1167,385840,1001-1500,8,3,2
mixed,15min~20min,Myung-duk,5.0,6.0,5.0,536.0,1993,4,1451,150442,1001-1500,4,6,5
terraced,no_bus_stop_nearby,no_subway_nearby,2.0,2.0,1.0,203.0,2009,5,910,300884,501-1000,5,2,1
mixed,15min~20min,Chil-sung-market,1.0,7.0,3.0,56.0,2003,5,907,123008,501-1000,5,7,3
mixed,5min~10min,Bangoge,5.0,5.0,4.0,798.0,2005,7,914,276991,501-1000,7,5,4
mixed,5min~10min,Bangoge,5.0,5.0,4.0,798.0,2005,7,914,161061,501-1000,7,5,4
corridor,10min~15min,Myung-duk,5.0,7.0,5.0,0.0,1992,3,644,53097,501-1000,3,7,5
terraced,no_bus_stop_nearby,no_subway_nearby,2.0,2.0,1.0,203.0,2009,5,910,201566,501-1000,5,2,1
terraced,no_bus_stop_nearby,no_subway_nearby,2.0,2.0,1.0,203.0,2009,5,914,198451,501-1000,5,2,1
corridor,10min~15min,Myung-duk,5.0,7.0,5.0,0.0,1992,3,355,64159,0-500,3,7,5
mixed,5min~10min,Bangoge,5.0,5.0,4.0,798.0,2005,7,572,169469,501-1000,7,5,4
terraced,0-5min,Sin-nam,0.0,1.0,2.0,536.0,2006,5,1149,279646,1001-1500,5,1,2
terraced,0-5min,Myung-duk,5.0,7.0,5.0,1174.0,2014,9,910,361061,501-1000,9,7,5
mixed,15min~20min,Myung-duk,5.0,6.0,5.0,536.0,1993,4,2337,212389,2001-2500,4,6,5
terraced,10min~15min,Kyungbuk_uni_hospital,1.0,2.0,2.0,184.0,2006,5,910,216814,501-1000,5,2,2
terraced,0-5min,Sin-nam,0.0,1.0,2.0,536.0,2006,5,1149,262389,1001-1500,5,1,2
terraced,10min~15min,Kyungbuk_uni_hospital,1.0,5.0,1.0,0.0,1986,4,1313,181415,1001-1500,4,5,1
terraced,0-5min,Sin-nam,0.0,1.0,2.0,536.0,2006,5,914,204424,501-1000,5,1,2
corridor,10min~15min,Myung-duk,5.0,7.0,5.0,0.0,1992,3,355,70796,0-500,3,7,5
mixed,15min~20min,Myung-duk,1.0,5.0,4.0,79.0,1992,3,1448,261061,1001-1500,3,5,4
mixed,15min~20min,Myung-duk,5.0,6.0,5.0,536.0,1993,4,1288,260176,1001-1500,4,6,5
terraced,0-5min,Sin-nam,0.0,1.0,2.0,536.0,2006,5,1743,420353,1501-2000,5,1,2
terraced,0-5min,Banwoldang,0.0,4.0,1.0,605.0,2007,5,1483,407079,1001-1500,5,4,1
terraced,0-5min,Kyungbuk_uni_hospital,0.0,3.0,2.0,1270.0,2007,10,868,266371,501-1000,10,3,2
corridor,5min~10min,Banwoldang,0.0,3.0,2.0,108.0,2014,2,288,100000,0-500,2,3,2
mixed,15min~20min,Myung-duk,5.0,6.0,5.0,536.0,1993,4,914,131858,501-1000,4,6,5
corridor,10min~15min,Myung-duk,5.0,7.0,5.0,0.0,1992,3,640,74778,501-1000,3,7,5
terraced,0-5min,Myung-duk,2.0,3.0,1.0,181.0,2006,4,903,210619,501-1000,4,3,1
mixed,5min~10min,Bangoge,5.0,5.0,4.0,798.0,2005,7,914,173893,501-1000,7,5,4
mixed,5min~10min,Bangoge,5.0,5.0,4.0,798.0,2005,7,914,206194,501-1000,7,5,4
terraced,0-5min,Kyungbuk_uni_hospital,0.0,3.0,2.0,1270.0,2007,10,1387,328318,1001-1500,10,3,2
terraced,0-5min,Banwoldang,0.0,2.0,2.0,524.0,2007,4,1103,210619,1001-1500,4,2,2
mixed,5min~10min,Bangoge,5.0,5.0,4.0,798.0,2005,7,572,119469,501-1000,7,5,4
terraced,10min~15min,Kyungbuk_uni_hospital,1.0,2.0,2.0,184.0,2006,5,910,264159,501-1000,5,2,2
terraced,0-5min,Sin-nam,0.0,3.0,2.0,475.0,2008,8,914,340707,501-1000,8,3,2
terraced,0-5min,Sin-nam,0.0,3.0,2.0,475.0,2008,8,914,238053,501-1000,8,3,2
terraced,0-5min,Myung-duk,5.0,7.0,5.0,1174.0,2014,9,910,326548,501-1000,9,7,5
terraced,0-5min,Banwoldang,0.0,2.0,2.0,524.0,2007,4,1419,320353,1001-1500,4,2,2
corridor,10min~15min,Myung-duk,5.0,7.0,5.0,0.0,1992,3,355,35840,0-500,3,7,5
corridor,10min~15min,Myung-duk,5.0,7.0,5.0,0.0,1992,3,576,67256,501-1000,3,7,5
terraced,0-5min,Banwoldang,0.0,4.0,1.0,605.0,2007,5,1629,307079,1501-2000,5,4,1
terraced,no_bus_stop_nearby,no_subway_nearby,2.0,2.0,1.0,203.0,2009,5,910,281415,501-1000,5,2,1
mixed,5min~10min,Bangoge,5.0,5.0,4.0,798.0,2005,7,743,135398,501-1000,7,5,4
mixed,15min~20min,Myung-duk,5.0,6.0,5.0,536.0,1993,4,1761,309734,1501-2000,4,6,5
terraced,10min~15min,Kyungbuk_uni_hospital,1.0,5.0,1.0,0.0,1986,4,2092,300884,2001-2500,4,5,1
terraced,0-5min,Banwoldang,0.0,2.0,2.0,524.0,2007,4,1366,238938,1001-1500,4,2,2
terraced,10min~15min,Kyungbuk_uni_hospital,1.0,5.0,1.0,0.0,1986,4,1377,252212,1001-1500,4,5,1
terraced,0-5min,Kyungbuk_uni_hospital,0.0,3.0,2.0,1270.0,2007,10,1643,495575,1501-2000,10,3,2
terraced,0-5min,Myung-duk,5.0,7.0,5.0,1174.0,2014,9,640,242035,501-1000,9,7,5
terraced,0-5min,Kyungbuk_uni_hospital,0.0,3.0,2.0,1270.0,2007,10,1387,408849,1001-1500,10,3,2
terraced,0-5min,Kyungbuk_uni_hospital,0.0,3.0,2.0,1270.0,2007,10,868,233628,501-1000,10,3,2
terraced,0-5min,Myung-duk,2.0,3.0,1.0,181.0,2006,4,903,247787,501-1000,4,3,1
terraced,0-5min,Myung-duk,2.0,3.0,1.0,181.0,2006,4,1192,245132,1001-1500,4,3,1
terraced,0-5min,Myung-duk,5.0,7.0,5.0,1174.0,2014,9,640,250442,501-1000,9,7,5
mixed,15min~20min,Myung-duk,1.0,5.0,4.0,79.0,1992,3,1448,169911,1001-1500,3,5,4
terraced,0-5min,Sin-nam,0.0,3.0,2.0,475.0,2008,8,914,253982,501-1000,8,3,2
terraced,0-5min,Myung-duk,2.0,3.0,1.0,181.0,2006,4,903,176106,501-1000,4,3,1
terraced,0-5min,Kyungbuk_uni_hospital,0.0,3.0,2.0,1270.0,2007,10,1387,480530,1001-1500,10,3,2
terraced,0-5min,Myung-duk,5.0,7.0,5.0,1174.0,2014,9,846,307079,501-1000,9,7,5
mixed,15min~20min,Myung-duk,5.0,6.0,5.0,536.0,1993,4,914,135398,501-1000,4,6,5
terraced,0-5min,Myung-duk,5.0,7.0,5.0,1174.0,2014,9,910,351327,501-1000,9,7,5
terraced,0-5min,Myung-duk,5.0,7.0,5.0,1174.0,2014,9,644,253982,501-1000,9,7,5
terraced,0-5min,Myung-duk,5.0,7.0,5.0,1174.0,2014,9,846,321238,501-1000,9,7,5
mixed,15min~20min,Myung-duk,5.0,6.0,5.0,536.0,1993,4,644,94690,501-1000,4,6,5
mixed,5min~10min,Bangoge,5.0,5.0,4.0,798.0,2005,7,572,79646,501-1000,7,5,4
mixed,5min~10min,Bangoge,5.0,5.0,4.0,798.0,2005,7,914,278761,501-1000,7,5,4
terraced,0-5min,Banwoldang,0.0,4.0,1.0,605.0,2007,5,1483,370796,1001-1500,5,4,1
terraced,0-5min,Sin-nam,0.0,3.0,2.0,475.0,2008,8,914,177876,501-1000,8,3,2
mixed,15min~20min,Chil-sung-market,1.0,7.0,3.0,56.0,2003,5,907,123893,501-1000,5,7,3
corridor,0-5min,Kyungbuk_uni_hospital,0.0,3.0,2.0,0.0,1978,3,779,172566,501-1000,3,3,2
terraced,0-5min,Sin-nam,0.0,3.0,2.0,475.0,2008,8,829,200884,501-1000,8,3,2
terraced,0-5min,Kyungbuk_uni_hospital,0.0,3.0,2.0,1270.0,2007,10,1387,312389,1001-1500,10,3,2
terraced,10min~15min,Kyungbuk_uni_hospital,1.0,5.0,1.0,0.0,1986,4,1796,409734,1501-2000,4,5,1
terraced,0-5min,Sin-nam,0.0,3.0,2.0,475.0,2008,8,829,199115,501-1000,8,3,2
terraced,0-5min,Kyungbuk_uni_hospital,0.0,5.0,3.0,930.0,2013,7,907,353097,501-1000,7,5,3
terraced,0-5min,Kyungbuk_uni_hospital,0.0,5.0,3.0,930.0,2013,7,910,252814,501-1000,7,5,3
terraced,0-5min,Kyungbuk_uni_hospital,0.0,3.0,2.0,1270.0,2007,10,868,259292,501-1000,10,3,2
terraced,0-5min,Kyungbuk_uni_hospital,0.0,3.0,2.0,1270.0,2007,10,1387,356637,1001-1500,10,3,2
terraced,0-5min,Kyungbuk_uni_hospital,0.0,3.0,2.0,1270.0,2007,10,1387,343362,1001-1500,10,3,2
terraced,0-5min,Sin-nam,0.0,1.0,2.0,536.0,2006,5,1437,261061,1001-1500,5,1,2
terraced,0-5min,Banwoldang,0.0,2.0,2.0,524.0,2007,4,1103,314159,1001-1500,4,2,2
corridor,0-5min,Kyungbuk_uni_hospital,0.0,3.0,2.0,0.0,1978,3,903,194690,501-1000,3,3,2
terraced,0-5min,Myung-duk,5.0,7.0,5.0,1174.0,2014,9,914,338938,501-1000,9,7,5
terraced,0-5min,Banwoldang,0.0,4.0,1.0,605.0,2007,5,1483,383185,1001-1500,5,4,1
mixed,15min~20min,Myung-duk,5.0,6.0,5.0,536.0,1993,4,644,77876,501-1000,4,6,5
terraced,0-5min,Kyungbuk_uni_hospital,0.0,5.0,3.0,930.0,2013,7,910,244911,501-1000,7,5,3
terraced,0-5min,Kyungbuk_uni_hospital,0.0,3.0,2.0,1270.0,2007,10,1387,353982,1001-1500,10,3,2
terraced,0-5min,Kyungbuk_uni_hospital,0.0,3.0,2.0,1270.0,2007,10,868,274336,501-1000,10,3,2
terraced,0-5min,Sin-nam,0.0,1.0,2.0,536.0,2006,5,2056,380530,2001-2500,5,1,2
terraced,no_bus_stop_nearby,no_subway_nearby,2.0,2.0,1.0,203.0,2009,5,910,149619,501-1000,5,2,1
corridor,10min~15min,Myung-duk,5.0,7.0,5.0,0.0,1992,3,355,53097,0-500,3,7,5
terraced,0-5min,Banwoldang,0.0,2.0,2.0,524.0,2007,4,1394,265486,1001-1500,4,2,2
terraced,10min~15min,Kyungbuk_uni_hospital,1.0,2.0,2.0,184.0,2006,5,636,200221,501-1000,5,2,2
terraced,0-5min,Kyungbuk_uni_hospital,0.0,3.0,2.0,1270.0,2007,10,868,379203,501-1000,10,3,2
terraced,0-5min,Banwoldang,0.0,2.0,2.0,524.0,2007,4,1103,199469,1001-1500,4,2,2
terraced,0-5min,Banwoldang,0.0,4.0,1.0,605.0,2007,5,1273,376106,1001-1500,5,4,1
terraced,0-5min,Banwoldang,0.0,2.0,2.0,524.0,2007,4,1103,252212,1001-1500,4,2,2
terraced,0-5min,Sin-nam,0.0,1.0,2.0,536.0,2006,5,914,194690,501-1000,5,1,2
mixed,5min~10min,Bangoge,5.0,5.0,4.0,798.0,2005,7,743,241592,501-1000,7,5,4
mixed,5min~10min,Bangoge,5.0,5.0,4.0,798.0,2005,7,572,201769,501-1000,7,5,4
terraced,0-5min,Banwoldang,0.0,4.0,1.0,605.0,2007,5,1629,371681,1501-2000,5,4,1
mixed,5min~10min,Bangoge,5.0,5.0,4.0,798.0,2005,7,743,199115,501-1000,7,5,4
terraced,0-5min,Kyungbuk_uni_hospital,0.0,5.0,3.0,930.0,2013,7,910,362831,501-1000,7,5,3
mixed,15min~20min,Myung-duk,1.0,5.0,4.0,79.0,1992,3,644,138938,501-1000,3,5,4
mixed,15min~20min,Myung-duk,5.0,6.0,5.0,536.0,1993,4,914,122389,501-1000,4,6,5
mixed,15min~20min,Chil-sung-market,1.0,7.0,3.0,56.0,1997,5,558,71238,501-1000,5,7,3
terraced,0-5min,Kyungbuk_uni_hospital,0.0,3.0,2.0,1270.0,2007,10,868,197345,501-1000,10,3,2
corridor,5min~10min,Sin-nam,1.0,5.0,2.0,18.0,1986,3,508,48672,501-1000,3,5,2
mixed,15min~20min,Myung-duk,5.0,6.0,5.0,536.0,1993,4,914,137168,501-1000,4,6,5
terraced,0-5min,Banwoldang,0.0,2.0,2.0,524.0,2007,4,1394,278761,1001-1500,4,2,2
terraced,0-5min,Kyungbuk_uni_hospital,0.0,5.0,3.0,930.0,2013,7,907,255442,501-1000,7,5,3
mixed,15min~20min,Myung-duk,1.0,5.0,4.0,79.0,1992,3,914,107522,501-1000,3,5,4
corridor,10min~15min,Myung-duk,5.0,7.0,5.0,0.0,1992,3,640,146017,501-1000,3,7,5
terraced,10min~15min,Kyungbuk_uni_hospital,1.0,5.0,1.0,0.0,1986,4,1131,283185,1001-1500,4,5,1
terraced,0-5min,Banwoldang,0.0,2.0,2.0,524.0,2007,4,1394,238938,1001-1500,4,2,2
terraced,10min~15min,Kyungbuk_uni_hospital,1.0,5.0,1.0,0.0,1986,4,1313,262831,1001-1500,4,5,1
mixed,5min~10min,Bangoge,5.0,5.0,4.0,798.0,2005,7,1184,172566,1001-1500,7,5,4
terraced,5min~10min,Daegu,0.0,3.0,2.0,400.0,2015,7,644,282300,501-1000,7,3,2
terraced,no_bus_stop_nearby,no_subway_nearby,2.0,2.0,1.0,203.0,2009,5,910,180530,501-1000,5,2,1
terraced,0-5min,Kyungbuk_uni_hospital,0.0,3.0,2.0,1270.0,2007,10,868,338938,501-1000,10,3,2
terraced,0-5min,Sin-nam,0.0,3.0,2.0,475.0,2008,8,914,271681,501-1000,8,3,2
mixed,15min~20min,Myung-duk,5.0,6.0,5.0,536.0,1993,4,914,200884,501-1000,4,6,5
terraced,0-5min,Kyungbuk_uni_hospital,0.0,3.0,2.0,1270.0,2007,10,1387,338053,1001-1500,10,3,2
terraced,10min~15min,Kyungbuk_uni_hospital,1.0,5.0,1.0,0.0,1986,4,1377,176106,1001-1500,4,5,1
terraced,0-5min,Sin-nam,0.0,1.0,2.0,536.0,2006,5,818,141592,501-1000,5,1,2
mixed,15min~20min,Myung-duk,5.0,6.0,5.0,536.0,1993,4,1761,185840,1501-2000,4,6,5
terraced,0-5min,Banwoldang,0.0,0.0,0.0,203.0,2014,10,914,384955,501-1000,10,0,0
mixed,5min~10min,Bangoge,5.0,5.0,4.0,798.0,2005,7,743,250442,501-1000,7,5,4
mixed,15min~20min,Myung-duk,5.0,6.0,5.0,536.0,1993,4,644,155752,501-1000,4,6,5
terraced,0-5min,Kyungbuk_uni_hospital,0.0,3.0,2.0,1270.0,2007,10,868,326548,501-1000,10,3,2
mixed,15min~20min,Myung-duk,1.0,5.0,4.0,79.0,1992,3,914,106194,501-1000,3,5,4
corridor,5min~10min,Sin-nam,1.0,5.0,2.0,18.0,1986,3,508,87610,501-1000,3,5,2
terraced,no_bus_stop_nearby,no_subway_nearby,2.0,2.0,1.0,203.0,2009,5,1160,262831,1001-1500,5,2,1
terraced,0-5min,Banwoldang,0.0,2.0,2.0,524.0,2007,4,1394,290265,1001-1500,4,2,2
terraced,0-5min,Kyungbuk_uni_hospital,0.0,5.0,3.0,930.0,2013,7,426,98477,0-500,7,5,3
mixed,15min~20min,Myung-duk,1.0,5.0,4.0,79.0,1992,3,914,214159,501-1000,3,5,4
terraced,10min~15min,Kyungbuk_uni_hospital,1.0,5.0,1.0,0.0,1986,4,1313,214159,1001-1500,4,5,1
mixed,15min~20min,Myung-duk,5.0,6.0,5.0,536.0,1993,4,644,85398,501-1000,4,6,5
terraced,0-5min,Myung-duk,5.0,7.0,5.0,1174.0,2014,9,644,272566,501-1000,9,7,5
terraced,0-5min,Kyungbuk_uni_hospital,0.0,3.0,2.0,1270.0,2007,10,868,207964,501-1000,10,3,2
terraced,0-5min,Kyungbuk_uni_hospital,0.0,3.0,2.0,1270.0,2007,10,868,200884,501-1000,10,3,2
mixed,15min~20min,Myung-duk,5.0,6.0,5.0,536.0,1993,4,914,194690,501-1000,4,6,5
corridor,10min~15min,Myung-duk,5.0,7.0,5.0,0.0,1992,3,355,37610,0-500,3,7,5
terraced,0-5min,Kyungbuk_uni_hospital,0.0,5.0,3.0,930.0,2013,7,907,358407,501-1000,7,5,3
terraced,0-5min,Kyungbuk_uni_hospital,0.0,3.0,2.0,1270.0,2007,10,1643,513274,1501-2000,10,3,2
mixed,15min~20min,Myung-duk,5.0,6.0,5.0,536.0,1993,4,644,160176,501-1000,4,6,5
terraced,0-5min,Kyungbuk_uni_hospital,0.0,5.0,3.0,930.0,2013,7,910,283185,501-1000,7,5,3
terraced,0-5min,Kyungbuk_uni_hospital,0.0,3.0,2.0,1270.0,2007,10,1643,433778,1501-2000,10,3,2
mixed,5min~10min,Bangoge,5.0,5.0,4.0,798.0,2005,7,572,100884,501-1000,7,5,4
terraced,0-5min,Kyungbuk_uni_hospital,0.0,3.0,2.0,1270.0,2007,10,1519,398230,1501-2000,10,3,2
terraced,no_bus_stop_nearby,no_subway_nearby,2.0,2.0,1.0,203.0,2009,5,1160,230088,1001-1500,5,2,1
terraced,5min~10min,Daegu,0.0,3.0,2.0,400.0,2015,7,644,254867,501-1000,7,3,2
terraced,0-5min,Kyungbuk_uni_hospital,0.0,3.0,2.0,1270.0,2007,10,1519,504424,1501-2000,10,3,2
terraced,0-5min,Kyungbuk_uni_hospital,0.0,3.0,2.0,1270.0,2007,10,868,203539,501-1000,10,3,2
terraced,10min~15min,Kyungbuk_uni_hospital,1.0,5.0,1.0,0.0,1986,4,1377,221238,1001-1500,4,5,1
mixed,5min~10min,Bangoge,5.0,5.0,4.0,798.0,2005,7,914,273451,501-1000,7,5,4
terraced,0-5min,Banwoldang,0.0,4.0,1.0,605.0,2007,5,1334,368141,1001-1500,5,4,1
mixed,15min~20min,Myung-duk,5.0,6.0,5.0,536.0,1993,4,1761,218584,1501-2000,4,6,5
terraced,0-5min,Banwoldang,0.0,4.0,1.0,605.0,2007,5,1629,458407,1501-2000,5,4,1
terraced,0-5min,Sin-nam,0.0,3.0,2.0,475.0,2008,8,829,235840,501-1000,8,3,2
terraced,0-5min,Banwoldang,0.0,2.0,2.0,524.0,2007,4,1103,349557,1001-1500,4,2,2
terraced,10min~15min,Kyungbuk_uni_hospital,1.0,5.0,1.0,0.0,1986,4,1313,170796,1001-1500,4,5,1
corridor,10min~15min,Myung-duk,5.0,7.0,5.0,0.0,1992,3,355,36283,0-500,3,7,5
terraced,0-5min,Banwoldang,0.0,2.0,2.0,524.0,2007,4,1394,273451,1001-1500,4,2,2
mixed,15min~20min,Chil-sung-market,1.0,7.0,3.0,56.0,1997,5,644,86725,501-1000,5,7,3
terraced,0-5min,Banwoldang,0.0,4.0,1.0,605.0,2007,5,1629,414159,1501-2000,5,4,1
terraced,0-5min,Kyungbuk_uni_hospital,0.0,3.0,2.0,1270.0,2007,10,868,240707,501-1000,10,3,2
terraced,10min~15min,Kyungbuk_uni_hospital,1.0,5.0,1.0,0.0,1986,4,2092,221238,2001-2500,4,5,1
corridor,10min~15min,Myung-duk,5.0,7.0,5.0,0.0,1992,3,640,88495,501-1000,3,7,5
terraced,0-5min,Kyungbuk_uni_hospital,0.0,3.0,2.0,1270.0,2007,10,1643,448672,1501-2000,10,3,2
mixed,15min~20min,Myung-duk,5.0,6.0,5.0,536.0,1993,4,914,132300,501-1000,4,6,5
corridor,10min~15min,Myung-duk,5.0,7.0,5.0,0.0,1992,3,576,85840,501-1000,3,7,5
terraced,10min~15min,Kyungbuk_uni_hospital,1.0,5.0,1.0,0.0,1986,4,1377,176991,1001-1500,4,5,1
terraced,0-5min,Banwoldang,0.0,2.0,2.0,524.0,2007,4,1419,389380,1001-1500,4,2,2
mixed,5min~10min,Bangoge,5.0,5.0,4.0,798.0,2005,7,914,163716,501-1000,7,5,4
terraced,10min~15min,Kyungbuk_uni_hospital,1.0,5.0,1.0,0.0,1986,4,1131,197345,1001-1500,4,5,1
mixed,15min~20min,Chil-sung-market,1.0,7.0,3.0,56.0,1997,5,644,84070,501-1000,5,7,3
terraced,0-5min,Banwoldang,0.0,4.0,1.0,605.0,2007,5,1483,348672,1001-1500,5,4,1
terraced,0-5min,Kyungbuk_uni_hospital,0.0,3.0,2.0,1270.0,2007,10,1928,423619,1501-2000,10,3,2
terraced,0-5min,Kyungbuk_uni_hospital,0.0,3.0,2.0,1270.0,2007,10,1387,438053,1001-1500,10,3,2
terraced,0-5min,Banwoldang,0.0,2.0,2.0,524.0,2007,4,1103,228318,1001-1500,4,2,2
terraced,10min~15min,Kyungbuk_uni_hospital,1.0,5.0,1.0,0.0,1986,4,1131,179646,1001-1500,4,5,1
mixed,15min~20min,Chil-sung-market,1.0,7.0,3.0,56.0,1997,5,644,117699,501-1000,5,7,3
terraced,0-5min,Sin-nam,0.0,1.0,2.0,536.0,2006,5,2056,395575,2001-2500,5,1,2
terraced,no_bus_stop_nearby,no_subway_nearby,2.0,2.0,1.0,203.0,2009,5,910,260619,501-1000,5,2,1
terraced,0-5min,Banwoldang,0.0,2.0,2.0,524.0,2007,4,1103,215929,1001-1500,4,2,2
mixed,5min~10min,Bangoge,5.0,5.0,4.0,798.0,2005,7,572,113716,501-1000,7,5,4
terraced,0-5min,Sin-nam,0.0,3.0,2.0,475.0,2008,8,914,225663,501-1000,8,3,2
terraced,0-5min,Banwoldang,0.0,2.0,2.0,524.0,2007,4,1366,274336,1001-1500,4,2,2
mixed,15min~20min,Chil-sung-market,1.0,7.0,3.0,56.0,1997,5,644,166371,501-1000,5,7,3
mixed,15min~20min,Myung-duk,1.0,5.0,4.0,79.0,1992,3,1448,115044,1001-1500,3,5,4
terraced,no_bus_stop_nearby,no_subway_nearby,2.0,2.0,1.0,203.0,2009,5,1160,262929,1001-1500,5,2,1
terraced,10min~15min,Kyungbuk_uni_hospital,1.0,5.0,1.0,0.0,1986,4,1131,149557,1001-1500,4,5,1
corridor,5min~10min,Sin-nam,1.0,5.0,2.0,18.0,1986,3,451,65929,0-500,3,5,2
terraced,0-5min,Kyungbuk_uni_hospital,0.0,3.0,2.0,1270.0,2007,10,1387,327433,1001-1500,10,3,2
terraced,0-5min,Banwoldang,0.0,4.0,1.0,605.0,2007,5,1334,357522,1001-1500,5,4,1
terraced,0-5min,Kyungbuk_uni_hospital,0.0,3.0,2.0,1270.0,2007,10,868,269026,501-1000,10,3,2
mixed,15min~20min,Myung-duk,5.0,6.0,5.0,536.0,1993,4,644,176991,501-1000,4,6,5
terraced,10min~15min,Kyungbuk_uni_hospital,1.0,5.0,1.0,0.0,1986,4,1377,336283,1001-1500,4,5,1
terraced,0-5min,Banwoldang,0.0,2.0,2.0,524.0,2007,4,914,210619,501-1000,4,2,2
mixed,15min~20min,Myung-duk,1.0,5.0,4.0,79.0,1992,3,914,123008,501-1000,3,5,4
terraced,0-5min,Kyungbuk_uni_hospital,0.0,3.0,2.0,1270.0,2007,10,1387,300884,1001-1500,10,3,2
mixed,15min~20min,Myung-duk,5.0,6.0,5.0,536.0,1993,4,1288,185840,1001-1500,4,6,5
terraced,0-5min,Kyungbuk_uni_hospital,0.0,5.0,3.0,930.0,2013,7,907,281415,501-1000,7,5,3
terraced,no_bus_stop_nearby,no_subway_nearby,2.0,2.0,1.0,203.0,2009,5,1160,207079,1001-1500,5,2,1
terraced,0-5min,Kyungbuk_uni_hospital,0.0,5.0,3.0,930.0,2013,7,644,264601,501-1000,7,5,3
terraced,0-5min,Banwoldang,0.0,2.0,2.0,524.0,2007,4,1366,402654,1001-1500,4,2,2
mixed,5min~10min,Bangoge,5.0,5.0,4.0,798.0,2005,7,743,239823,501-1000,7,5,4
corridor,5min~10min,Banwoldang,0.0,3.0,2.0,108.0,2014,2,288,107079,0-500,2,3,2
mixed,15min~20min,Myung-duk,5.0,6.0,5.0,536.0,1993,4,2337,269911,2001-2500,4,6,5
corridor,5min~10min,Sin-nam,1.0,5.0,2.0,18.0,1986,3,508,64601,501-1000,3,5,2
mixed,15min~20min,Myung-duk,5.0,6.0,5.0,536.0,1993,4,644,172566,501-1000,4,6,5
terraced,10min~15min,Kyungbuk_uni_hospital,1.0,5.0,1.0,0.0,1986,4,1131,211504,1001-1500,4,5,1
terraced,0-5min,Myung-duk,2.0,3.0,1.0,181.0,2006,4,857,192920,501-1000,4,3,1
terraced,10min~15min,Kyungbuk_uni_hospital,1.0,2.0,2.0,184.0,2006,5,814,178318,501-1000,5,2,2
mixed,5min~10min,Bangoge,5.0,5.0,4.0,798.0,2005,7,572,153097,501-1000,7,5,4
corridor,5min~10min,Banwoldang,0.0,3.0,2.0,108.0,2014,2,213,74778,0-500,2,3,2
mixed,5min~10min,Bangoge,5.0,5.0,4.0,798.0,2005,7,572,141150,501-1000,7,5,4
mixed,15min~20min,Myung-duk,5.0,6.0,5.0,536.0,1993,4,644,181415,501-1000,4,6,5
terraced,0-5min,Sin-nam,0.0,3.0,2.0,475.0,2008,8,914,331858,501-1000,8,3,2
terraced,10min~15min,Kyungbuk_uni_hospital,1.0,2.0,2.0,184.0,2006,5,910,181415,501-1000,5,2,2
mixed,5min~10min,Bangoge,5.0,5.0,4.0,798.0,2005,7,743,169911,501-1000,7,5,4
terraced,0-5min,Sin-nam,0.0,3.0,2.0,475.0,2008,8,1167,295575,1001-1500,8,3,2
mixed,15min~20min,Myung-duk,5.0,6.0,5.0,536.0,1993,4,914,187610,501-1000,4,6,5
mixed,15min~20min,Myung-duk,5.0,6.0,5.0,536.0,1993,4,644,143362,501-1000,4,6,5
terraced,no_bus_stop_nearby,no_subway_nearby,2.0,2.0,1.0,203.0,2009,5,1160,234513,1001-1500,5,2,1
terraced,5min~10min,Daegu,0.0,3.0,2.0,400.0,2015,7,839,336283,501-1000,7,3,2
terraced,0-5min,Sin-nam,0.0,3.0,2.0,475.0,2008,8,829,161946,501-1000,8,3,2
mixed,15min~20min,Myung-duk,5.0,6.0,5.0,536.0,1993,4,1761,374336,1501-2000,4,6,5
corridor,5min~10min,Daegu,2.0,5.0,0.0,76.0,1985,3,676,72123,501-1000,3,5,0
terraced,0-5min,Banwoldang,0.0,2.0,2.0,524.0,2007,4,1366,381415,1001-1500,4,2,2
terraced,0-5min,Sin-nam,0.0,1.0,2.0,536.0,2006,5,2056,331858,2001-2500,5,1,2
mixed,15min~20min,Myung-duk,1.0,5.0,4.0,79.0,1992,3,914,158407,501-1000,3,5,4
corridor,5min~10min,Sin-nam,1.0,5.0,2.0,18.0,1986,3,451,53097,0-500,3,5,2
corridor,5min~10min,Daegu,2.0,5.0,0.0,76.0,1985,3,587,61061,501-1000,3,5,0
terraced,0-5min,Banwoldang,0.0,4.0,1.0,605.0,2007,5,1483,393805,1001-1500,5,4,1
terraced,0-5min,Myung-duk,5.0,7.0,5.0,1174.0,2014,9,644,263716,501-1000,9,7,5
terraced,0-5min,Banwoldang,0.0,4.0,1.0,605.0,2007,5,1273,296460,1001-1500,5,4,1
terraced,no_bus_stop_nearby,no_subway_nearby,2.0,2.0,1.0,203.0,2009,5,1160,208849,1001-1500,5,2,1
corridor,5min~10min,Banwoldang,0.0,3.0,2.0,108.0,2014,2,288,93097,0-500,2,3,2
terraced,0-5min,Sin-nam,0.0,1.0,2.0,536.0,2006,5,2056,415929,2001-2500,5,1,2
terraced,no_bus_stop_nearby,no_subway_nearby,2.0,2.0,1.0,203.0,2009,5,910,162831,501-1000,5,2,1
terraced,0-5min,Banwoldang,0.0,2.0,2.0,524.0,2007,4,1103,209734,1001-1500,4,2,2
terraced,10min~15min,Kyungbuk_uni_hospital,1.0,5.0,1.0,0.0,1986,4,1796,243362,1501-2000,4,5,1
terraced,no_bus_stop_nearby,no_subway_nearby,2.0,2.0,1.0,203.0,2009,5,910,200318,501-1000,5,2,1
mixed,5min~10min,Bangoge,5.0,5.0,4.0,798.0,2005,7,743,198230,501-1000,7,5,4
terraced,0-5min,Banwoldang,0.0,2.0,2.0,524.0,2007,4,1103,296460,1001-1500,4,2,2
mixed,15min~20min,Myung-duk,1.0,5.0,4.0,79.0,1992,3,914,176991,501-1000,3,5,4
terraced,0-5min,Sin-nam,0.0,1.0,2.0,536.0,2006,5,2056,314159,2001-2500,5,1,2
terraced,0-5min,Sin-nam,0.0,1.0,2.0,536.0,2006,5,818,171681,501-1000,5,1,2
terraced,10min~15min,Kyungbuk_uni_hospital,1.0,2.0,2.0,184.0,2006,5,814,150442,501-1000,5,2,2
terraced,0-5min,Sin-nam,0.0,1.0,2.0,536.0,2006,5,2056,407964,2001-2500,5,1,2
terraced,0-5min,Myung-duk,2.0,3.0,1.0,181.0,2006,4,857,199115,501-1000,4,3,1
corridor,5min~10min,Banwoldang,0.0,3.0,2.0,108.0,2014,2,288,103982,0-500,2,3,2
mixed,15min~20min,Myung-duk,5.0,6.0,5.0,536.0,1993,4,1761,352212,1501-2000,4,6,5
corridor,5min~10min,Sin-nam,1.0,5.0,2.0,18.0,1986,3,547,57522,501-1000,3,5,2
mixed,15min~20min,Myung-duk,5.0,6.0,5.0,536.0,1993,4,2337,314159,2001-2500,4,6,5
corridor,5min~10min,Sin-nam,1.0,5.0,2.0,18.0,1986,3,451,53982,0-500,3,5,2
terraced,0-5min,Banwoldang,0.0,4.0,1.0,605.0,2007,5,1273,327433,1001-1500,5,4,1
terraced,0-5min,Banwoldang,0.0,2.0,2.0,524.0,2007,4,1394,299115,1001-1500,4,2,2
mixed,15min~20min,Myung-duk,5.0,6.0,5.0,536.0,1993,4,914,249557,501-1000,4,6,5
mixed,5min~10min,Bangoge,5.0,5.0,4.0,798.0,2005,7,743,210619,501-1000,7,5,4
terraced,0-5min,Sin-nam,0.0,1.0,2.0,536.0,2006,5,1437,346902,1001-1500,5,1,2
terraced,no_bus_stop_nearby,no_subway_nearby,2.0,2.0,1.0,203.0,2009,5,910,273893,501-1000,5,2,1
terraced,5min~10min,Daegu,0.0,3.0,2.0,400.0,2015,7,832,303539,501-1000,7,3,2
mixed,15min~20min,Myung-duk,5.0,6.0,5.0,536.0,1993,4,1451,194690,1001-1500,4,6,5
terraced,0-5min,Kyungbuk_uni_hospital,0.0,5.0,3.0,930.0,2013,7,910,336283,501-1000,7,5,3
terraced,0-5min,Banwoldang,0.0,0.0,0.0,203.0,2014,10,914,357522,501-1000,10,0,0
terraced,0-5min,Myung-duk,5.0,7.0,5.0,1174.0,2014,9,640,261061,501-1000,9,7,5
mixed,5min~10min,Bangoge,5.0,5.0,4.0,798.0,2005,7,914,269911,501-1000,7,5,4
terraced,10min~15min,Kyungbuk_uni_hospital,1.0,2.0,2.0,184.0,2006,5,910,203539,501-1000,5,2,2
corridor,10min~15min,Myung-duk,5.0,7.0,5.0,0.0,1992,3,640,119469,501-1000,3,7,5
terraced,0-5min,Sin-nam,0.0,1.0,2.0,536.0,2006,5,914,231858,501-1000,5,1,2
terraced,0-5min,Kyungbuk_uni_hospital,0.0,5.0,3.0,930.0,2013,7,907,287610,501-1000,7,5,3
mixed,15min~20min,Myung-duk,5.0,6.0,5.0,536.0,1993,4,644,106194,501-1000,4,6,5
mixed,15min~20min,Chil-sung-market,1.0,7.0,3.0,56.0,1997,5,430,57964,0-500,5,7,3
terraced,0-5min,Kyungbuk_uni_hospital,0.0,3.0,2.0,1270.0,2007,10,868,268141,501-1000,10,3,2
mixed,15min~20min,Myung-duk,5.0,6.0,5.0,536.0,1993,4,914,211504,501-1000,4,6,5
terraced,0-5min,Myung-duk,5.0,7.0,5.0,1174.0,2014,9,640,243362,501-1000,9,7,5
mixed,5min~10min,Bangoge,5.0,5.0,4.0,798.0,2005,7,743,236283,501-1000,7,5,4
mixed,5min~10min,Bangoge,5.0,5.0,4.0,798.0,2005,7,914,202654,501-1000,7,5,4
mixed,5min~10min,Bangoge,5.0,5.0,4.0,798.0,2005,7,914,283185,501-1000,7,5,4
terraced,0-5min,Sin-nam,0.0,1.0,2.0,536.0,2006,5,2056,362831,2001-2500,5,1,2
corridor,10min~15min,Myung-duk,5.0,7.0,5.0,0.0,1992,3,644,95132,501-1000,3,7,5
terraced,0-5min,Kyungbuk_uni_hospital,0.0,3.0,2.0,1270.0,2007,10,868,253097,501-1000,10,3,2
terraced,0-5min,Sin-nam,0.0,1.0,2.0,536.0,2006,5,914,216814,501-1000,5,1,2
terraced,10min~15min,Kyungbuk_uni_hospital,1.0,5.0,1.0,0.0,1986,4,1796,262831,1501-2000,4,5,1
mixed,5min~10min,Bangoge,5.0,5.0,4.0,798.0,2005,7,572,191150,501-1000,7,5,4
terraced,0-5min,Sin-nam,0.0,1.0,2.0,536.0,2006,5,914,294690,501-1000,5,1,2
corridor,10min~15min,Myung-duk,5.0,7.0,5.0,0.0,1992,3,355,86725,0-500,3,7,5
mixed,15min~20min,Myung-duk,5.0,6.0,5.0,536.0,1993,4,2337,221238,2001-2500,4,6,5
mixed,15min~20min,Chil-sung-market,1.0,7.0,3.0,56.0,1997,5,644,87610,501-1000,5,7,3
mixed,15min~20min,Myung-duk,5.0,6.0,5.0,536.0,1993,4,644,99557,501-1000,4,6,5
mixed,5min~10min,Bangoge,5.0,5.0,4.0,798.0,2005,7,572,74672,501-1000,7,5,4
terraced,0-5min,Kyungbuk_uni_hospital,0.0,3.0,2.0,1270.0,2007,10,868,300000,501-1000,10,3,2
terraced,10min~15min,Kyungbuk_uni_hospital,1.0,2.0,2.0,184.0,2006,5,910,194690,501-1000,5,2,2
terraced,0-5min,Banwoldang,0.0,4.0,1.0,605.0,2007,5,1334,337168,1001-1500,5,4,1
corridor,10min~15min,Myung-duk,5.0,7.0,5.0,0.0,1992,3,576,59292,501-1000,3,7,5
terraced,0-5min,Myung-duk,5.0,7.0,5.0,1174.0,2014,9,1092,402654,1001-1500,9,7,5
terraced,0-5min,Kyungbuk_uni_hospital,0.0,3.0,2.0,1270.0,2007,10,868,252212,501-1000,10,3,2
terraced,10min~15min,Kyungbuk_uni_hospital,1.0,5.0,1.0,0.0,1986,4,2092,230088,2001-2500,4,5,1
mixed,15min~20min,Myung-duk,5.0,6.0,5.0,536.0,1993,4,644,192920,501-1000,4,6,5
mixed,5min~10min,Bangoge,5.0,5.0,4.0,798.0,2005,7,743,232743,501-1000,7,5,4
corridor,5min~10min,Daegu,2.0,5.0,0.0,76.0,1985,3,587,123008,501-1000,3,5,0
terraced,0-5min,Kyungbuk_uni_hospital,0.0,3.0,2.0,1270.0,2007,10,1519,373893,1501-2000,10,3,2
mixed,5min~10min,Bangoge,5.0,5.0,4.0,798.0,2005,7,743,194690,501-1000,7,5,4
terraced,10min~15min,Kyungbuk_uni_hospital,1.0,2.0,2.0,184.0,2006,5,636,210619,501-1000,5,2,2
mixed,15min~20min,Myung-duk,1.0,5.0,4.0,79.0,1992,3,644,81858,501-1000,3,5,4
corridor,10min~15min,Myung-duk,5.0,7.0,5.0,0.0,1992,3,576,114601,501-1000,3,7,5
mixed,15min~20min,Myung-duk,1.0,5.0,4.0,79.0,1992,3,914,141592,501-1000,3,5,4
corridor,0-5min,Kyungbuk_uni_hospital,0.0,3.0,2.0,0.0,1978,3,903,123893,501-1000,3,3,2
corridor,10min~15min,Myung-duk,5.0,7.0,5.0,0.0,1992,3,355,39823,0-500,3,7,5
terraced,no_bus_stop_nearby,no_subway_nearby,2.0,2.0,1.0,203.0,2009,5,910,198256,501-1000,5,2,1
terraced,0-5min,Kyungbuk_uni_hospital,0.0,3.0,2.0,1270.0,2007,10,1387,442477,1001-1500,10,3,2
terraced,0-5min,Kyungbuk_uni_hospital,0.0,3.0,2.0,1270.0,2007,10,1387,351769,1001-1500,10,3,2
mixed,15min~20min,Myung-duk,5.0,6.0,5.0,536.0,1993,4,644,147787,501-1000,4,6,5
terraced,0-5min,Sin-nam,0.0,3.0,2.0,475.0,2008,8,829,172566,501-1000,8,3,2
terraced,0-5min,Kyungbuk_uni_hospital,0.0,3.0,2.0,1270.0,2007,10,1387,319469,1001-1500,10,3,2
terraced,10min~15min,Kyungbuk_uni_hospital,1.0,5.0,1.0,0.0,1986,4,1377,203539,1001-1500,4,5,1
mixed,5min~10min,Bangoge,5.0,5.0,4.0,798.0,2005,7,572,102212,501-1000,7,5,4
terraced,0-5min,Myung-duk,5.0,7.0,5.0,1174.0,2014,9,843,325221,501-1000,9,7,5
terraced,0-5min,Kyungbuk_uni_hospital,0.0,5.0,3.0,930.0,2013,7,907,259026,501-1000,7,5,3
corridor,10min~15min,Myung-duk,5.0,7.0,5.0,0.0,1992,3,640,61061,501-1000,3,7,5
terraced,0-5min,Myung-duk,5.0,7.0,5.0,1174.0,2014,9,640,274336,501-1000,9,7,5
terraced,10min~15min,Kyungbuk_uni_hospital,1.0,2.0,2.0,184.0,2006,5,636,253982,501-1000,5,2,2
terraced,0-5min,Kyungbuk_uni_hospital,0.0,5.0,3.0,930.0,2013,7,426,101548,0-500,7,5,3
corridor,5min~10min,Sin-nam,1.0,5.0,2.0,18.0,1986,3,508,65486,501-1000,3,5,2
terraced,0-5min,Banwoldang,0.0,4.0,1.0,605.0,2007,5,1444,318584,1001-1500,5,4,1
terraced,0-5min,Kyungbuk_uni_hospital,0.0,3.0,2.0,1270.0,2007,10,1387,420353,1001-1500,10,3,2
corridor,5min~10min,Daegu,2.0,5.0,0.0,76.0,1985,3,498,44690,0-500,3,5,0
terraced,no_bus_stop_nearby,no_subway_nearby,2.0,2.0,1.0,203.0,2009,5,1160,203539,1001-1500,5,2,1
mixed,15min~20min,Myung-duk,5.0,6.0,5.0,536.0,1993,4,914,161504,501-1000,4,6,5
mixed,15min~20min,Myung-duk,1.0,5.0,4.0,79.0,1992,3,644,131858,501-1000,3,5,4
terraced,0-5min,Banwoldang,0.0,4.0,1.0,605.0,2007,5,1334,376106,1001-1500,5,4,1
terraced,no_bus_stop_nearby,no_subway_nearby,2.0,2.0,1.0,203.0,2009,5,910,192920,501-1000,5,2,1
terraced,0-5min,Myung-duk,5.0,7.0,5.0,1174.0,2014,9,1092,415929,1001-1500,9,7,5
corridor,10min~15min,Myung-duk,5.0,7.0,5.0,0.0,1992,3,576,99115,501-1000,3,7,5
terraced,0-5min,Banwoldang,0.0,2.0,2.0,524.0,2007,4,1103,213274,1001-1500,4,2,2
mixed,5min~10min,Bangoge,5.0,5.0,4.0,798.0,2005,7,572,162389,501-1000,7,5,4
terraced,0-5min,Myung-duk,2.0,3.0,1.0,181.0,2006,4,857,150442,501-1000,4,3,1
terraced,10min~15min,Kyungbuk_uni_hospital,1.0,5.0,1.0,0.0,1986,4,1377,141592,1001-1500,4,5,1
terraced,0-5min,Banwoldang,0.0,4.0,1.0,605.0,2007,5,1334,347787,1001-1500,5,4,1
mixed,5min~10min,Bangoge,5.0,5.0,4.0,798.0,2005,7,914,201769,501-1000,7,5,4
mixed,5min~10min,Bangoge,5.0,5.0,4.0,798.0,2005,7,743,130973,501-1000,7,5,4
mixed,15min~20min,Myung-duk,1.0,5.0,4.0,79.0,1992,3,644,119469,501-1000,3,5,4
mixed,5min~10min,Bangoge,5.0,5.0,4.0,798.0,2005,7,572,72256,501-1000,7,5,4
terraced,0-5min,Sin-nam,0.0,1.0,2.0,536.0,2006,5,1412,273451,1001-1500,5,1,2
mixed,15min~20min,Myung-duk,5.0,6.0,5.0,536.0,1993,4,1761,380530,1501-2000,4,6,5
terraced,0-5min,Sin-nam,0.0,3.0,2.0,475.0,2008,8,914,178761,501-1000,8,3,2
mixed,5min~10min,Bangoge,5.0,5.0,4.0,798.0,2005,7,743,183628,501-1000,7,5,4
corridor,10min~15min,Myung-duk,5.0,7.0,5.0,0.0,1992,3,355,51327,0-500,3,7,5
corridor,0-5min,Kyungbuk_uni_hospital,0.0,3.0,2.0,0.0,1978,3,903,150442,501-1000,3,3,2
terraced,0-5min,Banwoldang,0.0,0.0,0.0,203.0,2014,10,914,226725,501-1000,10,0,0
mixed,15min~20min,Myung-duk,5.0,6.0,5.0,536.0,1993,4,644,176106,501-1000,4,6,5
mixed,15min~20min,Myung-duk,5.0,6.0,5.0,536.0,1993,4,644,138938,501-1000,4,6,5
mixed,15min~20min,Myung-duk,5.0,6.0,5.0,536.0,1993,4,644,86283,501-1000,4,6,5
terraced,0-5min,Sin-nam,0.0,1.0,2.0,536.0,2006,5,1412,396460,1001-1500,5,1,2
terraced,0-5min,Banwoldang,0.0,2.0,2.0,524.0,2007,4,1394,256637,1001-1500,4,2,2
terraced,10min~15min,Kyungbuk_uni_hospital,1.0,2.0,2.0,184.0,2006,5,636,236725,501-1000,5,2,2
terraced,0-5min,Myung-duk,5.0,7.0,5.0,1174.0,1980,9,736,61946,501-1000,9,7,5
corridor,5min~10min,Sin-nam,1.0,5.0,2.0,18.0,1986,3,910,92920,501-1000,3,5,2
terraced,0-5min,Myung-duk,2.0,3.0,1.0,181.0,2006,4,903,302654,501-1000,4,3,1
terraced,0-5min,Sin-nam,0.0,1.0,2.0,536.0,2006,5,1743,256637,1501-2000,5,1,2
mixed,5min~10min,Bangoge,5.0,5.0,4.0,798.0,2005,7,572,161504,501-1000,7,5,4
terraced,0-5min,Banwoldang,0.0,4.0,1.0,605.0,2007,5,1629,442477,1501-2000,5,4,1
mixed,15min~20min,Myung-duk,1.0,5.0,4.0,79.0,1992,3,644,118584,501-1000,3,5,4
terraced,0-5min,Sin-nam,0.0,3.0,2.0,475.0,2008,8,829,253097,501-1000,8,3,2
corridor,5min~10min,Daegu,2.0,5.0,0.0,76.0,1985,3,587,125663,501-1000,3,5,0
terraced,0-5min,Myung-duk,5.0,7.0,5.0,1174.0,2014,9,843,300884,501-1000,9,7,5
terraced,10min~15min,Kyungbuk_uni_hospital,1.0,5.0,1.0,0.0,1986,4,1131,150442,1001-1500,4,5,1
corridor,10min~15min,Myung-duk,5.0,7.0,5.0,0.0,1992,3,644,68141,501-1000,3,7,5
corridor,10min~15min,Myung-duk,5.0,7.0,5.0,0.0,1992,3,576,123893,501-1000,3,7,5
corridor,10min~15min,Myung-duk,5.0,7.0,5.0,0.0,1992,3,355,63274,0-500,3,7,5
terraced,0-5min,Sin-nam,0.0,1.0,2.0,536.0,2006,5,914,189823,501-1000,5,1,2
terraced,10min~15min,Kyungbuk_uni_hospital,1.0,5.0,1.0,0.0,1986,4,1377,274336,1001-1500,4,5,1
corridor,5min~10min,Sin-nam,1.0,5.0,2.0,18.0,1986,3,910,164601,501-1000,3,5,2
terraced,0-5min,Kyungbuk_uni_hospital,0.0,3.0,2.0,1270.0,2007,10,1928,402654,1501-2000,10,3,2
terraced,0-5min,Kyungbuk_uni_hospital,0.0,5.0,3.0,930.0,2013,7,644,146256,501-1000,7,5,3
mixed,15min~20min,Chil-sung-market,1.0,7.0,3.0,56.0,1997,5,914,101769,501-1000,5,7,3
terraced,0-5min,Kyungbuk_uni_hospital,0.0,3.0,2.0,1270.0,2007,10,868,296460,501-1000,10,3,2
corridor,5min~10min,Daegu,2.0,5.0,0.0,76.0,1985,3,587,86725,501-1000,3,5,0
mixed,15min~20min,Myung-duk,5.0,6.0,5.0,536.0,1993,4,914,216814,501-1000,4,6,5
terraced,10min~15min,Kyungbuk_uni_hospital,1.0,5.0,1.0,0.0,1986,4,914,144247,501-1000,4,5,1
corridor,10min~15min,Myung-duk,5.0,7.0,5.0,0.0,1992,3,576,61504,501-1000,3,7,5
terraced,0-5min,Sin-nam,0.0,3.0,2.0,475.0,2008,8,1167,336283,1001-1500,8,3,2
mixed,5min~10min,Bangoge,5.0,5.0,4.0,798.0,2005,7,914,274336,501-1000,7,5,4
mixed,15min~20min,Myung-duk,5.0,6.0,5.0,536.0,1993,4,644,91150,501-1000,4,6,5
terraced,0-5min,Sin-nam,0.0,1.0,2.0,536.0,2006,5,1743,448672,1501-2000,5,1,2
mixed,5min~10min,Bangoge,5.0,5.0,4.0,798.0,2005,7,914,155752,501-1000,7,5,4
terraced,10min~15min,Kyungbuk_uni_hospital,1.0,2.0,2.0,184.0,2006,5,811,181415,501-1000,5,2,2
mixed,5min~10min,Bangoge,5.0,5.0,4.0,798.0,2005,7,914,137168,501-1000,7,5,4
mixed,15min~20min,Myung-duk,5.0,6.0,5.0,536.0,1993,4,644,184955,501-1000,4,6,5
corridor,10min~15min,Myung-duk,5.0,7.0,5.0,0.0,1992,3,576,81415,501-1000,3,7,5
terraced,0-5min,Banwoldang,0.0,4.0,1.0,605.0,2007,5,1444,348672,1001-1500,5,4,1
terraced,0-5min,Banwoldang,0.0,4.0,1.0,605.0,2007,5,1273,358407,1001-1500,5,4,1
mixed,15min~20min,Myung-duk,5.0,6.0,5.0,536.0,1993,4,644,118141,501-1000,4,6,5
terraced,0-5min,Sin-nam,0.0,1.0,2.0,536.0,2006,5,1743,365486,1501-2000,5,1,2
corridor,10min~15min,Myung-duk,5.0,7.0,5.0,0.0,1992,3,640,116814,501-1000,3,7,5
terraced,0-5min,Kyungbuk_uni_hospital,0.0,3.0,2.0,1270.0,2007,10,1928,556637,1501-2000,10,3,2
corridor,0-5min,Kyungbuk_uni_hospital,0.0,3.0,2.0,0.0,1978,3,903,117699,501-1000,3,3,2
terraced,10min~15min,Kyungbuk_uni_hospital,1.0,2.0,2.0,184.0,2006,5,910,255752,501-1000,5,2,2
terraced,0-5min,Myung-duk,5.0,7.0,5.0,1174.0,2014,9,644,274336,501-1000,9,7,5
mixed,5min~10min,Bangoge,5.0,5.0,4.0,798.0,2005,7,914,170796,501-1000,7,5,4
mixed,15min~20min,Myung-duk,5.0,6.0,5.0,536.0,1993,4,1451,162831,1001-1500,4,6,5
terraced,0-5min,Sin-nam,0.0,1.0,2.0,536.0,2006,5,1149,291150,1001-1500,5,1,2
terraced,10min~15min,Kyungbuk_uni_hospital,1.0,2.0,2.0,184.0,2006,5,910,240707,501-1000,5,2,2
mixed,5min~10min,Bangoge,5.0,5.0,4.0,798.0,2005,7,572,115929,501-1000,7,5,4
terraced,10min~15min,Kyungbuk_uni_hospital,1.0,5.0,1.0,0.0,1986,4,1377,324778,1001-1500,4,5,1
mixed,15min~20min,Myung-duk,5.0,6.0,5.0,536.0,1993,4,644,132743,501-1000,4,6,5
terraced,0-5min,Kyungbuk_uni_hospital,0.0,5.0,3.0,930.0,2013,7,644,143389,501-1000,7,5,3
terraced,no_bus_stop_nearby,no_subway_nearby,2.0,2.0,1.0,203.0,2009,5,910,200522,501-1000,5,2,1
mixed,5min~10min,Bangoge,5.0,5.0,4.0,798.0,2005,7,572,190265,501-1000,7,5,4
mixed,5min~10min,Bangoge,5.0,5.0,4.0,798.0,2005,7,572,109734,501-1000,7,5,4
mixed,5min~10min,Bangoge,5.0,5.0,4.0,798.0,2005,7,572,151327,501-1000,7,5,4
terraced,0-5min,Myung-duk,5.0,7.0,5.0,1174.0,2014,9,640,276991,501-1000,9,7,5
terraced,0-5min,Myung-duk,5.0,7.0,5.0,1174.0,2014,9,846,329203,501-1000,9,7,5
mixed,15min~20min,Myung-duk,5.0,6.0,5.0,536.0,1993,4,914,252212,501-1000,4,6,5
terraced,0-5min,Myung-duk,5.0,7.0,5.0,1174.0,2014,9,644,269911,501-1000,9,7,5
terraced,10min~15min,Kyungbuk_uni_hospital,1.0,5.0,1.0,0.0,1986,4,1131,164601,1001-1500,4,5,1
terraced,0-5min,Sin-nam,0.0,1.0,2.0,536.0,2006,5,2056,346017,2001-2500,5,1,2
terraced,0-5min,Kyungbuk_uni_hospital,0.0,3.0,2.0,1270.0,2007,10,1928,528318,1501-2000,10,3,2
terraced,no_bus_stop_nearby,no_subway_nearby,2.0,2.0,1.0,203.0,2009,5,1160,292035,1001-1500,5,2,1
terraced,0-5min,Banwoldang,0.0,2.0,2.0,524.0,2007,4,1394,234513,1001-1500,4,2,2
terraced,0-5min,Kyungbuk_uni_hospital,0.0,3.0,2.0,1270.0,2007,10,868,357522,501-1000,10,3,2
terraced,0-5min,Banwoldang,0.0,4.0,1.0,605.0,2007,5,1483,283185,1001-1500,5,4,1
terraced,0-5min,Banwoldang,0.0,4.0,1.0,605.0,2007,5,1483,371681,1001-1500,5,4,1
mixed,15min~20min,Chil-sung-market,1.0,7.0,3.0,56.0,1997,5,558,110176,501-1000,5,7,3
mixed,15min~20min,Myung-duk,1.0,5.0,4.0,79.0,1992,3,644,79646,501-1000,3,5,4
terraced,0-5min,Banwoldang,0.0,4.0,1.0,605.0,2007,5,1483,408849,1001-1500,5,4,1
terraced,no_bus_stop_nearby,no_subway_nearby,2.0,2.0,1.0,203.0,2009,5,910,172566,501-1000,5,2,1
terraced,0-5min,Kyungbuk_uni_hospital,0.0,3.0,2.0,1270.0,2007,10,1643,353982,1501-2000,10,3,2
terraced,0-5min,Banwoldang,0.0,4.0,1.0,605.0,2007,5,1483,380530,1001-1500,5,4,1
mixed,5min~10min,Bangoge,5.0,5.0,4.0,798.0,2005,7,572,156637,501-1000,7,5,4
corridor,5min~10min,Banwoldang,0.0,3.0,2.0,108.0,2014,2,277,95221,0-500,2,3,2
terraced,0-5min,Banwoldang,0.0,4.0,1.0,605.0,2007,5,1690,365486,1501-2000,5,4,1
mixed,5min~10min,Bangoge,5.0,5.0,4.0,798.0,2005,7,914,183628,501-1000,7,5,4
terraced,no_bus_stop_nearby,no_subway_nearby,2.0,2.0,1.0,203.0,2009,5,910,159557,501-1000,5,2,1
terraced,0-5min,Kyungbuk_uni_hospital,0.0,3.0,2.0,1270.0,2007,10,1387,320353,1001-1500,10,3,2
mixed,5min~10min,Bangoge,5.0,5.0,4.0,798.0,2005,7,743,146902,501-1000,7,5,4
corridor,10min~15min,Myung-duk,5.0,7.0,5.0,0.0,1992,3,355,94690,0-500,3,7,5
terraced,0-5min,Sin-nam,0.0,1.0,2.0,536.0,2006,5,818,176991,501-1000,5,1,2
mixed,5min~10min,Bangoge,5.0,5.0,4.0,798.0,2005,7,572,199115,501-1000,7,5,4
terraced,0-5min,Sin-nam,0.0,3.0,2.0,475.0,2008,8,829,266814,501-1000,8,3,2
terraced,0-5min,Myung-duk,5.0,7.0,5.0,1174.0,2014,9,846,300884,501-1000,9,7,5
mixed,5min~10min,Bangoge,5.0,5.0,4.0,798.0,2005,7,572,157079,501-1000,7,5,4
terraced,0-5min,Myung-duk,2.0,3.0,1.0,181.0,2006,4,903,206194,501-1000,4,3,1
mixed,15min~20min,Chil-sung-market,1.0,7.0,3.0,56.0,1997,5,644,63716,501-1000,5,7,3
corridor,5min~10min,Daegu,2.0,5.0,0.0,76.0,1985,3,587,88495,501-1000,3,5,0
corridor,10min~15min,Myung-duk,5.0,7.0,5.0,0.0,1992,3,355,46017,0-500,3,7,5
terraced,0-5min,Banwoldang,0.0,4.0,1.0,605.0,2007,5,1444,415929,1001-1500,5,4,1
terraced,no_bus_stop_nearby,no_subway_nearby,2.0,2.0,1.0,203.0,2009,5,914,196389,501-1000,5,2,1
terraced,10min~15min,Kyungbuk_uni_hospital,1.0,5.0,1.0,0.0,1986,4,914,151769,501-1000,4,5,1
terraced,0-5min,Sin-nam,0.0,1.0,2.0,536.0,2006,5,1437,283185,1001-1500,5,1,2
mixed,15min~20min,Chil-sung-market,1.0,7.0,3.0,56.0,1997,5,430,55752,0-500,5,7,3
terraced,0-5min,Kyungbuk_uni_hospital,0.0,5.0,3.0,930.0,2013,7,644,144752,501-1000,7,5,3
mixed,15min~20min,Myung-duk,5.0,6.0,5.0,536.0,1993,4,914,157522,501-1000,4,6,5
terraced,0-5min,Kyungbuk_uni_hospital,0.0,3.0,2.0,1270.0,2007,10,1928,566371,1501-2000,10,3,2
terraced,0-5min,Kyungbuk_uni_hospital,0.0,5.0,3.0,930.0,2013,7,910,331858,501-1000,7,5,3
mixed,5min~10min,Bangoge,5.0,5.0,4.0,798.0,2005,7,572,192035,501-1000,7,5,4
corridor,0-5min,Kyungbuk_uni_hospital,0.0,3.0,2.0,0.0,1978,3,871,233185,501-1000,3,3,2
terraced,0-5min,Kyungbuk_uni_hospital,0.0,3.0,2.0,1270.0,2007,10,1928,529203,1501-2000,10,3,2
terraced,0-5min,Kyungbuk_uni_hospital,0.0,3.0,2.0,1270.0,2007,10,1928,383716,1501-2000,10,3,2
terraced,0-5min,Banwoldang,0.0,2.0,2.0,524.0,2007,4,914,163539,501-1000,4,2,2
terraced,0-5min,Kyungbuk_uni_hospital,0.0,5.0,3.0,930.0,2013,7,910,327433,501-1000,7,5,3
terraced,no_bus_stop_nearby,no_subway_nearby,2.0,2.0,1.0,203.0,2009,5,910,305309,501-1000,5,2,1
terraced,0-5min,Sin-nam,0.0,3.0,2.0,475.0,2008,8,914,309734,501-1000,8,3,2
terraced,0-5min,Sin-nam,0.0,1.0,2.0,536.0,2006,5,2056,477876,2001-2500,5,1,2
terraced,0-5min,Sin-nam,0.0,3.0,2.0,475.0,2008,8,1167,286725,1001-1500,8,3,2
terraced,0-5min,Banwoldang,0.0,2.0,2.0,524.0,2007,4,1419,372566,1001-1500,4,2,2
terraced,0-5min,Myung-duk,5.0,7.0,5.0,1174.0,2014,9,910,334513,501-1000,9,7,5
terraced,0-5min,Banwoldang,0.0,2.0,2.0,524.0,2007,4,1366,272566,1001-1500,4,2,2
terraced,0-5min,Kyungbuk_uni_hospital,0.0,3.0,2.0,1270.0,2007,10,1519,530973,1501-2000,10,3,2
mixed,5min~10min,Bangoge,5.0,5.0,4.0,798.0,2005,7,743,163716,501-1000,7,5,4
terraced,10min~15min,Kyungbuk_uni_hospital,1.0,5.0,1.0,0.0,1986,4,1131,273451,1001-1500,4,5,1
mixed,5min~10min,Bangoge,5.0,5.0,4.0,798.0,2005,7,914,192920,501-1000,7,5,4
corridor,5min~10min,Daegu,2.0,5.0,0.0,76.0,1985,3,587,57964,501-1000,3,5,0
mixed,15min~20min,Myung-duk,1.0,5.0,4.0,79.0,1992,3,914,159292,501-1000,3,5,4
terraced,0-5min,Kyungbuk_uni_hospital,0.0,5.0,3.0,930.0,2013,7,426,107345,0-500,7,5,3
terraced,0-5min,Sin-nam,0.0,3.0,2.0,475.0,2008,8,829,161504,501-1000,8,3,2
terraced,0-5min,Sin-nam,0.0,3.0,2.0,475.0,2008,8,914,170353,501-1000,8,3,2
terraced,10min~15min,Kyungbuk_uni_hospital,1.0,2.0,2.0,184.0,2006,5,811,199115,501-1000,5,2,2
terraced,0-5min,Kyungbuk_uni_hospital,0.0,5.0,3.0,930.0,2013,7,910,367256,501-1000,7,5,3
mixed,15min~20min,Myung-duk,5.0,6.0,5.0,536.0,1993,4,914,132743,501-1000,4,6,5
terraced,0-5min,Kyungbuk_uni_hospital,0.0,5.0,3.0,930.0,2013,7,910,291150,501-1000,7,5,3
terraced,0-5min,Kyungbuk_uni_hospital,0.0,3.0,2.0,1270.0,2007,10,1928,348283,1501-2000,10,3,2
